page_url,category
/,homepage
/?page=1,homepage
/?page=2,homepage
/?page=3,homepage
/?page=4,homepage
/about,about
/about/,about
/accounts/login/,accounts
/accounts/password/reset/,accounts
/accounts/signup/,accounts
/atom.xml,sitemap
/favicon.ico,favicon
/poems,homepage
/poems/,homepage
/poems/?page=1,homepage
/poems/?page=2,homepage
/poems/?page=3,homepage
/poems/?page=4,homepage
/poems/1,poem
/poems/1/,poem
/poems/10,poem
/poems/10/,poem
/poems/11,poem
/poems/11/,poem
/poems/17,poem
/poems/17/,poem
/poems/18,poem
/poems/18/,poem
/poems/19,poem
/poems/19/,poem
/poems/2,poem
/poems/2/,poem
/poems/20,poem
/poems/20/,poem
/poems/21,poem
/poems/21/,poem
/poems/22,poem
/poems/22/,poem
/poems/23,poem
/poems/23/,poem
/poems/24,poem
/poems/24/,poem
/poems/25,poem
/poems/25/,poem
/poems/26,poem
/poems/26/,poem
/poems/27,poem
/poems/27/,poem
/poems/28,poem
/poems/28/,poem
/poems/29,poem
/poems/29/,poem
/poems/3,poem
/poems/3/,poem
/poems/30,poem
/poems/30/,poem
/poems/31,poem
/poems/31/,poem
/poems/32,poem
/poems/32/,poem
/poems/33,poem
/poems/33/,poem
/poems/34,poem
/poems/34/,poem
/poems/35,poem
/poems/35/,poem
/poems/36,poem
/poems/36/,poem
/poems/37,poem
/poems/37/,poem
/poems/38,poem
/poems/38/,poem
/poems/39,poem
/poems/39/,poem
/poems/4,poem
/poems/4/,poem
/poems/40,poem
/poems/40/,poem
/poems/41,poem
/poems/41/,poem
/poems/42,poem
/poems/42/,poem
/poems/43,poem
/poems/43/,poem
/poems/44,poem
/poems/44/,poem
/poems/46,poem
/poems/46/,poem
/poems/5,poem
/poems/5/,poem
/poems/55,poem
/poems/55/,poem
/poems/56,poem
/poems/56/,poem
/poems/58,poem
/poems/58/,poem
/poems/6,poem
/poems/6/,poem
/poems/60,poem
/poems/60/,poem
/poems/61,poem
/poems/61/,poem
/poems/62,poem
/poems/62/,poem
/poems/63,poem
/poems/63/,poem
/poems/64,poem
/poems/64/,poem
/poems/66,poem
/poems/66/,poem
/poems/67,poem
/poems/67/,poem
/poems/69,poem
/poems/69/,poem
/poems/7,poem
/poems/7/,poem
/poems/70,poem
/poems/70/,poem
/poems/71,poem
/poems/71/,poem
/poems/74,poem
/poems/74/,poem
/poems/76,poem
/poems/76/,poem
/poems/77,poem
/poems/77/,poem
/poems/78,poem
/poems/78/,poem
/poems/79,poem
/poems/79/,poem
/poems/8,poem
/poems/8/,poem
/poems/80,poem
/poems/80/,poem
/poems/81,poem
/poems/81/,poem
/poems/83,poem
/poems/83/,poem
/poems/84,poem
/poems/84/,poem
/poems/87,poem
/poems/87/,poem
/poems/88,poem
/poems/88/,poem
/poems/89,poem
/poems/89/,poem
/poems/9,poem
/poems/9/,poem
/poems/90,poem
/poems/90/,poem
/poems/91,poem
/poems/91/,poem
/poems/92,poem
/poems/92/,poem
/poems/93,poem
/poems/93/,poem
/poems/94,poem
/poems/94/,poem
/robots.txt,robots.txt
/sitemap_index.xml,sitemap
/sitemap.txt,sitemap
/sitemap.xml,sitemap
/sitemap.xml.gz,sitemap
/sitemaps.xml,sitemap